{"cameraMode":{"drawMode":0,"name":"Shaded","section":"Shading Mode"},"sceneLighting":true,"audioPlay":false,"sceneViewState":{"showFog":true,"showMaterialUpdate":false,"showSkybox":true,"showFlares":true,"showImageEffects":true,"showParticleSystems":true,"showVisualEffectGraphs":true,"m_FxEnabled":true},"in2DMode":false,"pivot":{"x":-0.05420609563589096,"y":0.20701240003108979,"z":5.248040199279785},"rotation":{"x":0.05216675251722336,"y":-0.0009010850335471332,"z":-0.000046892888349248096,"w":-0.9986389875411987},"size":3.6212663650512697,"orthographic":false}