{"cameraMode":{"drawMode":0,"name":"Shaded","section":"Shading Mode"},"sceneLighting":true,"audioPlay":false,"sceneViewState":{"showFog":true,"showMaterialUpdate":false,"showSkybox":true,"showFlares":true,"showImageEffects":true,"showParticleSystems":true,"showVisualEffectGraphs":true,"m_FxEnabled":true},"in2DMode":false,"pivot":{"x":2.4951303005218508,"y":1.924049735069275,"z":9.092391967773438},"rotation":{"x":0.05216675251722336,"y":-0.0009010850335471332,"z":-0.000046892888349248096,"w":-0.9986389875411987},"size":6.208470344543457,"orthographic":false}